city,lat,lon
ESMERALDAS,0.9581500073,-79.5449208996
AZUAY,-2.7953813501,-78.7749567813
LOS_RIOS,-1.0321780756,-79.4048823687
GUAYAS,0.3580387677,-78.0276289428
LOJA,-4.3265237269,-79.4520481924
LOS_RIOS,-1.5499876543,-79.6759469659
COTOPAXI,-0.7598891403,-78.451684303
PICHINCHA,-0.265526914,-78.6210183762
AZUAY,-2.7691806532,-78.7861644229
GUAYAS,-2.1307488223,-79.4745624599
GUAYAS,0.362503374,-78.2421640355
GUAYAS,-2.125529914,-79.5638153256
GUAYAS,-2.6299491433,-80.4079775506
PICHINCHA,-0.2131911558,-78.4013852828
CHIMBORAZO,-1.6574892672,-78.5403070148
GUAYAS,-2.6315023254,-80.3222299503
LOS_RIOS,-1.0189873928,-79.4021406659
LOS_RIOS,-0.8905638667,-79.5532562729
LOS_RIOS,-1.0288092994,-79.4171053683
ORELLANA,-0.6903641202,-77.2137682597
PICHINCHA,-0.1644013765,-78.3816185633
PICHINCHA,-0.1745083583,-78.5414137205
SUCUMBIOS,-0.1477971282,-76.2491179881
GUAYAS,-2.1181544458,-79.6378616916
PICHINCHA,0.1454058056,-78.894112406
LOS_RIOS,-1.0313134308,-79.5423055612
ESMERALDAS,0.9754943587,-79.6612205203
GUAYAS,0.3567951741,-78.0762668572
GUAYAS,0.3681748652,-78.0319494694
AZUAY,-2.9254847837,-78.9759217681
GUAYAS,-2.1311207549,-79.9744930879
ESMERALDAS,0.3274396532,-79.2673645576
PICHINCHA,-0.2237748952,-78.4428581144
GUAYAS,0.3810962614,-78.0489349325
GUAYAS,-1.9807774618,-79.7188361538
GUAYAS,0.36828569,-78.3168533555
GUAYAS,0.3595973634,-78.0330602942
SANTA_ELENA,-2.2566253748,-80.584986985
GUAYAS,-2.1152555524,-79.5378487429
GUAYAS,0.3503832637,-78.2936364607
ESMERALDAS,0.9741970262,-79.6259257431
LOS_RIOS,-1.7876020559,-79.5719425025
NAPO,-1.0109072225,-77.9692889667
PICHINCHA,-0.1628833482,-78.3387788871
GUAYAS,-2.1065675606,-79.5767154574
SANTO_DOMINGO_DE_LOS_TSACHILAS,-0.2371661695,-79.1857129959
PICHINCHA,0.1556365871,-78.7956520544
GUAYAS,-2.6486533637,-80.3431837237
LOS_RIOS,-1.0305430822,-79.3622388389
LOS_RIOS,-1.5642367272,-79.6646627968
GUAYAS,-2.1389584335,-79.5893892384
TUNGURAHUA,-1.2641971081,-78.6105698802
ESMERALDAS,1.283192859,-78.7704587712
EL_ORO,-3.3278104997,-79.796015719
LOS_RIOS,-1.5596142292,-79.661087904
LOS_RIOS,-1.0296358424,-79.5244553532
PICHINCHA,0.1534160545,-78.7143506831
PICHINCHA,0.1422112733,-78.8864329946
PICHINCHA,0.1450436356,-78.7558143616
PICHINCHA,0.1580116887,-78.6970569525
PICHINCHA,-0.1699317422,-78.511255646
CANAR,-2.420499337,-79.2609869552
LOS_RIOS,-1.0165466079,-79.3986689857
MANABI,-0.841826694,-79.7165044735
TUNGURAHUA,-1.256048239,-78.5250214508
GUAYAS,-2.1782413082,-78.8878503829
SANTO_DOMINGO_DE_LOS_TSACHILAS,-0.2390550914,-79.1670183476
GUAYAS,-2.1586454815,-79.8302468964
COTOPAXI,-0.7568512164,-78.5187195114
CHIMBORAZO,-1.6519292414,-78.5959808609
EL_ORO,-3.4579842351,-79.8939536633
PICHINCHA,-0.2099634725,-78.5487385148
PICHINCHA,-0.0955810869,-78.3998839175
CANAR,-2.5563089188,-78.9518551119
MANABI,-0.9701737425,-80.6841343338
PICHINCHA,-0.1940732327,-78.5404319051
LOS_RIOS,-1.5662757141,-79.6761172485
GUAYAS,-1.9730822163,-79.9426713332
PICHINCHA,-0.1946848493,-78.5977812588
CANAR,-2.423548858,-79.29092436
CANAR,-2.4215910971,-79.3261968745
CANAR,-2.7456063441,-78.9252378767
ESMERALDAS,0.9519999662,-79.5553528721
MANABI,-1.3603066369,-80.6752248053
PICHINCHA,0.1455961635,-78.7752680906
AZUAY,-2.8724284929,-79.0567984303
GUAYAS,0.3517454631,-77.9974014894
NAPO,-1.0027684355,-77.7043805376
EL_ORO,-3.3255509777,-79.8999583218
GUAYAS,-1.9577232428,-79.8799989055
SUCUMBIOS,-0.1445716985,-76.2412487534
ESMERALDAS,0.3240807317,-79.3806036218
COTOPAXI,-0.9354269088,-79.2364301727
PICHINCHA,-0.2031993214,-78.5306579825
PICHINCHA,0.136282327,-78.7940915065
GUAYAS,-2.0644699903,-79.9353658317
SUCUMBIOS,0.0960465662,-76.9580747859
SUCUMBIOS,0.0887695488,-76.8827602732
GUAYAS,-1.3618184288,-79.9396101588
GUAYAS,0.3786026389,-78.091653886
GUAYAS,-1.9605320542,-79.8705880541
PICHINCHA,-0.2121981222,-78.4490373928
ESMERALDAS,1.2914725781,-78.7879218646
EL_ORO,-3.2538476772,-79.9249215631
EL_ORO,-3.2619442216,-80.0220519314
GUAYAS,-2.1045073442,-79.5968434512
SUCUMBIOS,0.1072979273,-76.8226531106
GUAYAS,-2.1188507567,-79.6106482792
GUAYAS,-1.9806309793,-79.8458072441
GUAYAS,-2.1331692645,-79.5233234951
SANTO_DOMINGO_DE_LOS_TSACHILAS,-0.2379345098,-79.1860138511
AZUAY,-3.0541197091,-79.7814255813
LOS_RIOS,-1.8032452163,-79.542467704
GUAYAS,-2.6340523304,-80.3864132441
GUAYAS,-2.6324595286,-80.2790700958
GUAYAS,0.3736680349,-78.2036385366
ESMERALDAS,0.3201482993,-79.3454342437
GUAYAS,0.3749618423,-78.0373839943
GUAYAS,-2.1606985717,-79.8354428202
GUAYAS,-2.1770660032,-78.8877339764
AZUAY,-2.910290325,-78.8914388028
IMBABURA,0.3531324948,-78.1384895456
MANABI,-0.8340770987,-79.7944107019
SANTO_DOMINGO_DE_LOS_TSACHILAS,-0.2379707524,-79.1635135004
GUAYAS,-1.0690990183,-79.7112386008
GUAYAS,-1.9535073693,-79.8523929171
GUAYAS,-2.1775987157,-78.8859068077
PICHINCHA,-0.1207122973,-78.5257102806
PICHINCHA,0.0687792932,-78.6183212675
PICHINCHA,0.1396111271,-78.735710853
GUAYAS,0.3578279286,-78.0596525119
GUAYAS,-2.1353150203,-80.0197154468
SANTA_ELENA,-2.2293867305,-80.3965880801
GUAYAS,0.3822790371,-78.0393621484
GUAYAS,-2.6501264796,-80.2885536188
GUAYAS,-2.1606211857,-79.8064429073
CHIMBORAZO,-1.6039912408,-78.6242729471
ESMERALDAS,0.3255310148,-79.3496730331
MANABI,-0.7790190574,-80.3274477443
PICHINCHA,-0.1193876237,-78.4156597682
AZUAY,-2.871198528,-78.9040651516
ESMERALDAS,0.9604800204,-79.6956200815
PICHINCHA,-0.1293898826,-78.4933795735
GUAYAS,-2.6356831809,-80.3716329402
ESMERALDAS,0.3403590172,-79.2656893024
LOS_RIOS,-1.0324863584,-79.4947651896
ESMERALDAS,1.2948076272,-78.7891027638
ESMERALDAS,0.9668209982,-79.75813329
LOS_RIOS,-1.5462129707,-79.6624183049
GUAYAS,-2.6293370354,-80.3448048236
ORELLANA,-0.2974328731,-76.9239220894
LOS_RIOS,-1.5486565306,-79.6748313032
LOS_RIOS,-1.7999254973,-79.58300314
GUAYAS,-1.0572306614,-79.6357787688
SANTO_DOMINGO_DE_LOS_TSACHILAS,-0.2397804984,-79.169062783
GUAYAS,-2.1224162704,-79.5899687513
PICHINCHA,0.1375594915,-78.8557499145
ESMERALDAS,0.9548868616,-79.6261766991
PICHINCHA,0.1471308274,-78.6842614208
GUAYAS,-2.0983682334,-79.6922422624
ESMERALDAS,0.3362121421,-79.3985364149
GUAYAS,-2.0639220072,-80.0213954182
LOS_RIOS,-0.8747743269,-79.3969179195
LOJA,-3.9784016683,-79.3584286985
GUAYAS,-2.1771473977,-78.8918183839
PICHINCHA,-0.2129436378,-78.4150524986
GUAYAS,-2.1204647547,-79.5974083793
GUAYAS,-2.1170808789,-80.1206968645
EL_ORO,-3.3272895169,-79.8958774376
LOS_RIOS,-1.7867657826,-79.4980399009
PICHINCHA,-0.2427527061,-78.5398836857
SUCUMBIOS,0.1040254104,-76.8082384667
LOS_RIOS,-1.0186912352,-79.5482655936
MANABI,-0.8421375089,-79.7234910152
AZUAY,-2.9262707775,-78.8432193748
GUAYAS,-1.9507049931,-79.7750739439
GUAYAS,-2.6411232422,-80.2878654179
GUAYAS,-2.2027482417,-79.3667711828
PICHINCHA,-0.115241943,-78.5644464399
SANTO_DOMINGO_DE_LOS_TSACHILAS,-0.2374967675,-79.1789336785
GUAYAS,0.3891870922,-78.1771189605
PICHINCHA,-0.2150411132,-78.331426031
AZUAY,-2.9067057086,-79.0007860668
GUAYAS,-2.1777994777,-78.8867646749
PICHINCHA,-0.2045114631,-78.4360160456
LOS_RIOS,-1.0136885234,-79.3924463665
BOLIVAR,-1.5853348037,-78.94993905
GUAYAS,-2.160350897,-79.8309975768
GUAYAS,-1.970776842,-79.7491853069
BOLIVAR,-1.7030597499,-78.9586052512
IMBABURA,0.3538509217,-78.0889823324
GUAYAS,-1.9547115003,-79.9986699874
ESMERALDAS,0.95784231,-79.6196876328
GUAYAS,0.3678511855,-78.2704061901
PICHINCHA,-0.2104365428,-78.5718519536
GUAYAS,0.3750082073,-78.0893267103
GUAYAS,-2.0744844106,-79.8582257449
ESMERALDAS,0.9573888183,-79.7041504489
EL_ORO,-3.3262113878,-79.8095296458
NAPO,-0.9952276517,-77.8405944923
SUCUMBIOS,-0.149887079,-76.1951276707
EL_ORO,-3.326933147,-79.7241788948
EL_ORO,-3.4847897252,-80.1995496214
EL_ORO,-3.2557971681,-79.9755247884
NAPO,-1.0019242702,-77.9996133058
PICHINCHA,-0.2634955752,-78.4907977659
PICHINCHA,-0.2739170903,-78.5876933598
LOS_RIOS,-1.5585263065,-79.6684536131
PICHINCHA,-0.268799383,-78.5000722183
ESMERALDAS,0.9529326133,-79.6483260753
LOS_RIOS,-1.0324151692,-79.5474795647
ESMERALDAS,1.2923501885,-78.79414203
PICHINCHA,-0.0895787728,-78.3295640912
EL_ORO,-3.328012719,-79.76183206
GUAYAS,-2.1235731394,-79.4995374012
CARCHI,0.552960567,-77.7321764176
ESMERALDAS,1.057740675,-79.405516559
PICHINCHA,-0.1743445517,-78.3828219808
BOLIVAR,-1.7096047843,-79.1303672458
PICHINCHA,0.1398019656,-78.7397549568
LOS_RIOS,-1.8189290346,-79.4804478551
GUAYAS,-1.8698347829,-80.0172844034
PICHINCHA,-0.2605632076,-78.5427587211
ORELLANA,-0.2972822968,-76.8916792976
MANABI,-0.9766448934,-80.7008144796
SANTO_DOMINGO_DE_LOS_TSACHILAS,-0.2402663618,-79.161222707
PICHINCHA,-0.1219616324,-78.5072970154
SUCUMBIOS,0.0990600724,-76.9619666162
SUCUMBIOS,-0.1397574644,-76.3660313422
LOS_RIOS,-1.0327159031,-79.5247363389
SUCUMBIOS,0.0941966203,-76.9190841562
SANTO_DOMINGO_DE_LOS_TSACHILAS,-0.2389577473,-79.160974576
MANABI,-0.8423342624,-79.7119198851
GUAYAS,-1.9536202663,-79.8013984155
PICHINCHA,-0.0962428842,-78.4423247444
GUAYAS,0.3653230747,-78.0646027151
GUAYAS,-1.9437064029,-80.1213054726
GUAYAS,-2.6384425316,-80.3302564547
MANABI,0.0752229974,-80.0496580073
GUAYAS,-1.9433544149,-79.8438511406
LOS_RIOS,-1.7979325571,-79.6270149127
LOS_RIOS,-1.0201714595,-79.5183279176
LOS_RIOS,-1.0130699013,-79.5271194954
EL_ORO,-3.2576662774,-79.8943474996
PICHINCHA,-0.1721430897,-78.4409266883
SUCUMBIOS,0.0966536818,-76.9220018374
TUNGURAHUA,-1.2556301865,-78.5770570755
TUNGURAHUA,-1.2535734944,-78.5125686081
COTOPAXI,-0.7522812271,-78.4588781479
MANABI,-1.0352863746,-79.7344190853
SUCUMBIOS,0.097579433,-76.9580625846
SUCUMBIOS,0.1001090575,-76.8548381109
SUCUMBIOS,0.1016267418,-76.8975142828
GUAYAS,-2.1366680769,-79.5899063434
SUCUMBIOS,0.099019527,-76.8588552692
SUCUMBIOS,-0.137605483,-76.3638912603
SUCUMBIOS,-0.1513651331,-76.3128131782
ORELLANA,-0.6988851613,-77.2455962268
ORELLANA,-0.6940438823,-77.2757845573
SUCUMBIOS,0.0919863908,-76.8808329673
SUCUMBIOS,0.0882399055,-76.9015216487
ORELLANA,-0.3003218281,-76.8074467648
SUCUMBIOS,0.1004353596,-76.8323101396
SUCUMBIOS,0.1036159011,-76.9347523171
GUAYAS,0.3582958528,-78.1126814718
ORELLANA,-0.2922127111,-76.9275892855
SUCUMBIOS,0.1035690338,-76.8548720821
GUAYAS,0.3580424468,-78.1816364359
CARCHI,0.8203569687,-77.7879285752
GUAYAS,-2.1179980876,-79.5917757779
CARCHI,0.8230533376,-77.6845436912
SUCUMBIOS,-0.1454812118,-76.2714192275
SUCUMBIOS,0.0958930303,-76.8300720415
AZUAY,-2.9099136493,-78.8698992148
SUCUMBIOS,0.1006139613,-76.8297500439
LOS_RIOS,-1.0141349048,-79.424133387
LOJA,-4.3144173033,-79.5831876484
CANAR,-2.4199635483,-79.3766799091
ORELLANA,-0.6810364512,-77.3246726707
GUAYAS,-1.9700577321,-79.8970071047
PICHINCHA,-0.1126934059,-78.4611356427
LOS_RIOS,-1.5597360561,-79.6745903375
GUAYAS,-2.6332215327,-80.311768811
GUAYAS,-2.6320833298,-80.318896855
ESMERALDAS,0.3285367308,-79.2802782876
PICHINCHA,-0.1728465786,-78.3989063037
PICHINCHA,-0.2208976508,-78.3606919815
GUAYAS,-2.111785604,-79.6122370533
SUCUMBIOS,-0.141941831,-76.3114027975
LOS_RIOS,-1.0186681755,-79.5225906772
LOS_RIOS,-1.5635902971,-79.4436487023
PICHINCHA,-0.1695443865,-78.498447243
PICHINCHA,-0.1974111811,-78.4239700162
PASTAZA,-1.6429860706,-77.0979681368
MANABI,-0.777588673,-80.1489403196
ESMERALDAS,1.0598858248,-79.4164519489
EL_ORO,-3.2616982277,-80.0089746152
AZUAY,-3.0656388584,-79.6777667227
PICHINCHA,-0.2104344651,-78.4285471371
SANTO_DOMINGO_DE_LOS_TSACHILAS,-0.2406349466,-79.1698556832
GUAYAS,-2.1117836251,-79.6404272567
GUAYAS,-1.062867586,-79.5868294258
PICHINCHA,-0.1597125424,-78.3625298803
ESMERALDAS,0.3240058875,-79.3122226739
GUAYAS,-2.1298829964,-79.6736635486
GUAYAS,-1.8653254593,-80.0210753731
ESMERALDAS,0.9512047409,-79.6305338311
IMBABURA,0.3536593602,-78.0580128386
GUAYAS,-2.1311288738,-79.8394794476
GUAYAS,-2.1172050943,-79.9559600024
LOS_RIOS,-1.7831972391,-79.4792709607
EL_ORO,-3.2581788677,-79.9521948895
PICHINCHA,-0.1701792905,-78.5555936435
MANABI,-0.2706135942,-79.5498160551
PICHINCHA,0.1359649229,-78.8809815026
GUAYAS,-1.868676312,-79.8984955618
LOS_RIOS,-1.8002830914,-79.5240209795
BOLIVAR,-1.5868766621,-79.0492748495
PICHINCHA,-0.1713936726,-78.4438661759
ORELLANA,-0.2988327873,-76.8466306075
PICHINCHA,0.1574691675,-78.7775730546
GUAYAS,-2.1166914587,-79.9906856478
AZUAY,-2.8725712087,-78.8932974527
PICHINCHA,-0.1717304188,-78.3778236851
MANABI,-0.8432880504,-79.7170258706
ESMERALDAS,0.3212962873,-79.3048175379
EL_ORO,-3.4782640416,-80.2545559928
ESMERALDAS,1.2938983912,-78.7732674228
MANABI,0.0729867158,-80.0986156479
GUAYAS,-1.9661398508,-80.0011389293
PICHINCHA,-0.2066696737,-78.5516476976
GUAYAS,-2.1304508517,-79.7785596232
PICHINCHA,-0.2511792624,-78.4031368982
PASTAZA,-1.6295061829,-76.9177168779
GUAYAS,-2.0712552707,-80.0138149602
EL_ORO,-3.4719647323,-80.1358268905
ORELLANA,-0.2972449917,-76.8756587051
LOS_RIOS,-1.0243046971,-79.5153985216
ESMERALDAS,0.9476884094,-79.6458264136
AZUAY,-2.9300211512,-78.8795283317
PICHINCHA,-0.0886582002,-78.3612500909
ESMERALDAS,0.3175947925,-79.4609710169
SANTO_DOMINGO_DE_LOS_TSACHILAS,-0.2414843458,-79.1634334703
EL_ORO,-3.2520104831,-79.9862167425
PICHINCHA,-0.2090016295,-78.3799794903
MANABI,-0.9582507943,-80.6112953594
CHIMBORAZO,-1.646750155,-78.6305265547
AZUAY,-2.7829344383,-78.7809631316
PICHINCHA,-0.1240667574,-78.4485621537
AZUAY,-3.0530915263,-79.659840562
GUAYAS,-2.1290653319,-79.6218229984
GUAYAS,-1.9537481763,-79.9262439506
ESMERALDAS,0.3232021171,-79.283622947
GUAYAS,-1.9673087971,-79.8260305824
EL_ORO,-3.6818642753,-79.5454413119
LOS_RIOS,-1.017748374,-79.5088350067
LOS_RIOS,-0.8946548542,-79.4378592455
SANTO_DOMINGO_DE_LOS_TSACHILAS,-0.2405756449,-79.1668704172
CARCHI,0.8235165859,-77.8011993237
PICHINCHA,0.1351532849,-78.8839154723
PICHINCHA,-0.0893514367,-78.3826711888
GUAYAS,-2.1770330054,-78.8889588307
GUAYAS,-2.6473093557,-80.279696118
EL_ORO,-3.3278067987,-79.7788466428
AZUAY,-3.0623966881,-79.6756956518
GUAYAS,-2.6344966951,-80.4688487211
EL_ORO,-3.254459802,-79.9616824224
MANABI,-0.8417547949,-79.7010658854
AZUAY,-3.0620959865,-79.7851197905
GUAYAS,0.3568256627,-77.9877686687
GUAYAS,-2.0709900473,-79.8796045202
ESMERALDAS,0.9769254859,-79.5722274584
GUAYAS,-1.9586645782,-79.9136935363
ESMERALDAS,0.3307035101,-79.3811781059
PICHINCHA,0.1554296032,-78.7054284701
GUAYAS,-2.1253879701,-80.0509748539
EL_ORO,-3.3278080577,-79.7456202831
GUAYAS,-2.1397635989,-79.636949407
PICHINCHA,0.1544767195,-78.8878240238
AZUAY,-2.871670099,-78.8857915235
EL_ORO,-3.3259220965,-79.7420691978
AZUAY,-2.9102036022,-79.0153552512
MANABI,-0.8415315157,-79.7016653564
AZUAY,-2.8726219369,-78.9392729699
PICHINCHA,-0.2056493177,-78.5578686289
ESMERALDAS,0.96186117,-79.6641757938
EL_ORO,-3.2650707662,-79.9084748221
MANABI,-0.9705040339,-80.6539204021
MANABI,-0.9644192479,-80.737596389
GUAYAS,-1.9619928328,-79.8264353553
GUAYAS,-2.1187138301,-79.6962924652
PICHINCHA,-0.1185650412,-78.4051486603
GUAYAS,-2.1257476019,-79.5098042226
IMBABURA,0.3535652681,-78.0604913782
MANABI,-0.7718714088,-80.2616104698
GUAYAS,0.3596464472,-78.2199374843
LOS_RIOS,-1.0228407779,-79.5150999233
GUAYAS,-2.0720262681,-79.8732456283
GUAYAS,-2.1338755494,-79.5676086274
MANABI,-0.9659484388,-80.7667208608
CHIMBORAZO,-1.6572131493,-78.5730925662
GUAYAS,-2.6485249944,-80.3111936476
GUAYAS,-2.0683270939,-79.9346481602
MANABI,0.0826307298,-80.0566303403
IMBABURA,0.2937135681,-78.2692096972
AZUAY,-2.9184430549,-78.8102129257
PICHINCHA,0.1558688247,-78.8874870067
GUAYAS,0.3753809496,-78.0735075474
LOS_RIOS,-0.883667716,-79.5486315849
AZUAY,-3.0527173716,-79.6573455404
LOS_RIOS,-0.8794475871,-79.4230673953
PICHINCHA,-0.1209295868,-78.4982344812
GUAYAS,-2.1189423181,-79.6949505832
GUAYAS,-2.0648981133,-79.8638988383
PICHINCHA,-0.1315908688,-78.5035792978
GUAYAS,-2.1181753668,-79.4862184845
GUAYAS,-2.6447883208,-80.2810452714
GUAYAS,0.3915669589,-78.2517649112
GUAYAS,-2.1611030614,-79.8333600545
MANABI,-0.840604143,-79.6998927199
GUAYAS,-1.8360875498,-79.824004117
GUAYAS,0.3875725261,-78.1394493587
AZUAY,-2.8718255857,-78.8894546268
GUAYAS,-1.9691150849,-79.9724572118
GUAYAS,-2.13177185,-79.9898233267
EL_ORO,-3.4585611252,-80.0693130192
COTOPAXI,-0.7531637892,-78.5023184647
PICHINCHA,-0.1731228784,-78.5215366068
LOS_RIOS,-1.4416117247,-79.3873834038
PICHINCHA,-0.1754994758,-78.4255413383
GUAYAS,-1.9583734275,-79.9110280212
BOLIVAR,-1.7095232065,-79.0881348039
GUAYAS,-2.1239643215,-79.8952023823
GUAYAS,-1.3765666993,-79.8276464265
MANABI,-0.2693106734,-79.4837947792
PICHINCHA,-0.1731638927,-78.4629602671
LOS_RIOS,-0.8907896535,-79.3910195744
GUAYAS,-2.1179596396,-80.1451935272
PICHINCHA,-0.1952203255,-78.4832598786
IMBABURA,0.3477738777,-78.0743230625
EL_ORO,-3.3258179687,-79.7538760222
GUAYAS,-1.8324244314,-79.8353254172
LOS_RIOS,-1.0150783209,-79.5214671152
GUAYAS,-2.0890765434,-79.7177017373
GUAYAS,0.385065019,-78.1856392862
PICHINCHA,-0.2498106974,-78.5074224385
LOS_RIOS,-1.5612105419,-79.451331317
ESMERALDAS,0.9521144914,-79.7616213267
GUAYAS,-2.1313358761,-79.6003757612
EL_ORO,-3.3251122434,-79.859432406
LOS_RIOS,-1.0330576038,-79.4522856959
PICHINCHA,-0.1730710087,-78.3411308789
LOS_RIOS,-1.5574920988,-79.5216881842
LOJA,-4.3778490643,-79.8885234598
PICHINCHA,-0.2519436242,-78.4686352203
LOS_RIOS,-1.7885509058,-79.5828170123
EL_ORO,-3.4723777811,-80.2960292228
PICHINCHA,-0.1608296247,-78.3414182821
SANTO_DOMINGO_DE_LOS_TSACHILAS,-0.2464659148,-79.2139962486
GUAYAS,-1.811353042,-80.2900189862
CANAR,-2.4217788704,-79.3561036827
COTOPAXI,-1.0370143518,-78.6211617905
ESMERALDAS,0.9592861063,-79.6219210666
LOS_RIOS,-1.5471522324,-79.6587069278
GUAYAS,-1.8248935457,-80.2600546978
GUAYAS,-2.6410619353,-80.3555447332
CANAR,-2.7442845088,-78.777560347
LOS_RIOS,-1.4358057694,-79.5595647078
GUAYAS,-1.96181499,-79.954718514
GUAYAS,-1.8238224488,-80.2885778455
CARCHI,0.8139966008,-77.6607932422
GUAYAS,-2.6480811029,-80.3674212109
ESMERALDAS,0.3283063651,-79.4244478895
GUAYAS,-1.8277758859,-80.190359436
LOS_RIOS,-1.0140229308,-79.4611484583
LOS_RIOS,-0.8897042047,-79.5766679979
GUAYAS,-1.3614169324,-79.9092417611
CHIMBORAZO,-2.1984387415,-78.8603059148
GUAYAS,-1.9619290693,-79.8832934762
LOS_RIOS,-1.5648273491,-79.5508768261
ESMERALDAS,0.8897377186,-79.946574997
GUAYAS,-1.066672938,-79.6673206973
GUAYAS,-1.9613278598,-79.8915677105
GUAYAS,-1.9813948541,-79.7863383273
PICHINCHA,-0.0891579926,-78.3522723032
GUAYAS,-2.1301845205,-79.669357387
LOS_RIOS,-0.8853522596,-79.398106873
COTOPAXI,-0.9474541544,-79.2448021626
GUAYAS,-1.8250143023,-79.8454519075
LOS_RIOS,-0.8795750472,-79.5807124753
LOS_RIOS,-1.8211908559,-79.5972882983
PICHINCHA,0.1360305081,-78.8384318146
LOS_RIOS,-1.561966199,-79.6590542731
SANTO_DOMINGO_DE_LOS_TSACHILAS,-0.2401441485,-79.1648347198
ESMERALDAS,1.2888978427,-78.8387410014
GUAYAS,-1.3683896809,-79.993017075
PICHINCHA,-0.2212022185,-78.3678849586
GUAYAS,-1.8141087492,-80.1916514216
LOS_RIOS,-1.7945642351,-79.4911017964
PICHINCHA,-0.0869970115,-78.3546596693
LOS_RIOS,-1.5480678863,-79.6681070217
CANAR,-2.4212483265,-79.2507863063
ESMERALDAS,1.29395239,-78.7989142236
ESMERALDAS,0.8894626215,-79.9393115411
MANABI,-0.9763460379,-80.6217968856
LOS_RIOS,-0.8872670682,-79.5253893118
ESMERALDAS,1.2938418736,-78.79750374
EL_ORO,-3.2621425294,-79.9508531772
LOJA,-4.0127085421,-79.2147335539
SANTO_DOMINGO_DE_LOS_TSACHILAS,-0.2402782607,-79.1819505543
GUAYAS,-2.0981463647,-79.6861742887
ESMERALDAS,1.2927688829,-78.7679761833
COTOPAXI,-0.6810602946,-78.8521458781
PICHINCHA,-0.2059824093,-78.3794821618
LOS_RIOS,-1.4431272597,-79.5059026613
GUAYAS,-1.8523457853,-80.0552501644
GUAYAS,-1.8662401283,-80.038812675
SANTO_DOMINGO_DE_LOS_TSACHILAS,-0.2386427493,-79.183021141
CARCHI,0.8100219666,-77.6333269449
GUAYAS,-1.9576572918,-79.9471022568
GUAYAS,-2.6371099733,-80.3644412685
LOS_RIOS,-1.8036189908,-79.434568904
PICHINCHA,-0.1706315237,-78.3539373128
EL_ORO,-3.3245420197,-79.775489701
MANABI,-0.7780134767,-80.199450186
LOS_RIOS,-1.5592598051,-79.6691332763
IMBABURA,0.30320744,-78.394778661
PICHINCHA,-0.1725891785,-78.3406153871
PICHINCHA,-0.212472946,-78.5128509546
ESMERALDAS,0.9545772909,-79.6280036548
PICHINCHA,0.0397035987,-78.2163760118
PICHINCHA,-0.2072528217,-78.3571707333
PICHINCHA,0.1550888227,-78.8426656383
PICHINCHA,-0.1019681567,-78.3606490026
AZUAY,-2.871238609,-79.0209103283
GUAYAS,-1.966670336,-79.9167273235
SANTO_DOMINGO_DE_LOS_TSACHILAS,-0.2373904616,-79.1769761934
ESMERALDAS,1.2859608232,-78.77627956
LOS_RIOS,-1.5571407925,-79.5319652321
LOJA,-4.3798111814,-79.9055991093
LOS_RIOS,-0.8818862993,-79.5274570915
EL_ORO,-3.4805959112,-80.2205017907
SANTO_DOMINGO_DE_LOS_TSACHILAS,-0.2291420492,-79.1770474965
GUAYAS,-2.148158955,-79.574813789
GUAYAS,-2.1333868777,-79.6868749152
ORELLANA,-0.6969723156,-77.2535435097
ESMERALDAS,0.3371120504,-79.4020342319
GUAYAS,-2.1421010776,-79.6068441623
LOJA,-4.0081729577,-79.2128104415
LOS_RIOS,-1.5556172934,-79.6573395395
EL_ORO,-3.2560857409,-79.9279966801
GUAYAS,-2.15830506,-79.8119088819
LOJA,-4.0030387103,-79.2161488357
LOS_RIOS,-1.5613842316,-79.6655399899
ESMERALDAS,1.2813916347,-78.7808242693
GUAYAS,-2.0613963081,-79.8554882741
EL_ORO,-3.4584727866,-79.9768588853
LOS_RIOS,-1.4378556209,-79.469060069
GUAYAS,-1.8203920069,-80.2169694354
EL_ORO,-3.4698463697,-80.1768397227
LOS_RIOS,-0.8885062885,-79.5101181105
ESMERALDAS,0.9592390676,-79.7047626738
GUAYAS,-1.0629280973,-79.6625296547
GUAYAS,-2.122891041,-79.5106146497
LOS_RIOS,-1.5485028923,-79.5216864587
LOS_RIOS,-1.0117221389,-79.5204279615
IMBABURA,0.3401223245,-78.0607979148
GUAYAS,-1.9646791506,-79.7507235048
GUAYAS,-1.8243810273,-79.7861163267
GUAYAS,-2.6400528058,-80.291182994
GUAYAS,0.3696155323,-78.2139039348
MANABI,-0.7761788818,-80.3002059708
GUAYAS,-2.1259696203,-79.5212141343
ESMERALDAS,0.9609842664,-79.6309194396
LOS_RIOS,-1.0135161707,-79.4040218946
GUAYAS,-2.0657385962,-79.8403819424
GUAYAS,-2.1267903865,-79.5276151067
EL_ORO,-3.3258988333,-79.8887665758
LOS_RIOS,-1.0224536933,-79.5101280956
GUAYAS,-2.4162800392,-80.4261593053
GUAYAS,-1.3776384892,-79.795682715
GUAYAS,-2.1376504662,-79.9786245511
MANABI,-0.9653230764,-80.7727601557
GUAYAS,-2.6423976183,-80.4059271457
GUAYAS,-2.1300771079,-79.4747376324
ESMERALDAS,0.9636024028,-79.5704260573
GUAYAS,0.3837294743,-77.9674076249
PICHINCHA,-0.1728079745,-78.5024069005
GUAYAS,-2.1135124834,-79.4886767066
GUAYAS,0.3582828798,-78.1087921384
GUAYAS,-2.1167633119,-79.6659092802
GUAYAS,-2.6393313911,-80.3738496043
SUCUMBIOS,0.0991798783,-76.8721743016
GUAYAS,-2.1583167287,-79.8037800501
IMBABURA,0.3373444709,-78.0781751575
GUAYAS,0.3541516103,-78.1529010935
GUAYAS,0.3787375833,-78.266562282
GUAYAS,-2.6319205778,-80.3145741889
MANABI,-0.7076426125,-80.168146799
ORELLANA,-0.2949971327,-76.838205077
LOS_RIOS,-1.0312123242,-79.4759306706
GUAYAS,-2.1142937495,-79.6783956886
MANABI,-0.2750977687,-79.4703922659
GUAYAS,-2.1348709222,-79.5627402864
IMBABURA,0.3382328095,-78.0583039958
GUAYAS,0.3647952521,-78.0965546244
SANTA_ELENA,-2.2414941334,-80.8952858302
ESMERALDAS,0.8700142767,-79.9505880253
GUAYAS,-2.4173841784,-80.2663213
BOLIVAR,-1.5851318384,-79.0950669882
ESMERALDAS,0.9489376014,-79.6324910027
EL_ORO,-3.4834503272,-80.1937072623
GUAYAS,-2.1595106065,-79.808313314
ESMERALDAS,0.948484033,-79.6215260168
MANABI,0.0738701985,-80.0298581016
GUAYAS,-2.1256053795,-80.1680093907
EL_ORO,-3.2582842358,-79.8784735204
GUAYAS,-2.1363545612,-79.550218359
ESMERALDAS,1.0523556566,-79.4131151415
GUAYAS,-2.1348985066,-79.6086743292
LOS_RIOS,-1.0273319725,-79.4492524647
GUAYAS,-2.1313488674,-79.6690269507
EL_ORO,-3.258148788,-80.0203090029
GUAYAS,0.3526246092,-78.2171935359
MANABI,-0.9675324746,-80.6707074998
EL_ORO,-3.3248211312,-79.8134576702
GUAYAS,-2.1348193558,-79.5688115861
GUAYAS,-2.1261166,-79.6831963948
GUAYAS,0.3814003598,-78.2893981622
GUAYAS,-2.131651657,-80.0968663007
LOS_RIOS,-1.7984470975,-79.4978035817
GUAYAS,-2.158148462,-79.8158252827
GUAYAS,-2.0745187078,-80.0326348734
SANTO_DOMINGO_DE_LOS_TSACHILAS,-0.2397291913,-79.182187609
ESMERALDAS,0.3373800562,-79.4092134581
EL_ORO,-3.2662683149,-79.8748651653
GUAYAS,-2.1291290632,-79.4732487415
LOS_RIOS,-1.0211451871,-79.4039974826
IMBABURA,0.3394940866,-78.1838257169
ORELLANA,-0.2912939296,-76.8832585948
ESMERALDAS,0.9513265016,-79.6486695732
GUAYAS,-2.0686320807,-79.9814102102
GUAYAS,-2.1781437306,-78.9026303651
SANTO_DOMINGO_DE_LOS_TSACHILAS,-0.2390797464,-79.1646856808
ESMERALDAS,0.3314597855,-79.2643783219
GUAYAS,0.3708998275,-78.2392695822
ESMERALDAS,1.0574132977,-79.5001093282
GUAYAS,0.3515734684,-78.218632174
ORELLANA,-0.2994720529,-76.8204598005
MANABI,-0.923731199,-80.4887088438
GUAYAS,-2.136277555,-80.0434353557
EL_ORO,-3.2595970914,-79.8747255956
GUAYAS,-2.069635633,-79.9432005812
EL_ORO,-3.2662656876,-80.0011029934
LOS_RIOS,-1.0189733998,-79.4013822905
GUAYAS,-2.0762420939,-79.8771588408
SUCUMBIOS,-0.1426095235,-76.3317005876
LOS_RIOS,-1.0196894316,-79.4165628059
PICHINCHA,-0.1222107716,-78.5602630462
MANABI,-1.0534105341,-79.7379561205
SANTA_ELENA,-2.2361692092,-80.8379138604
EL_ORO,-3.249851986,-79.8875161698
MANABI,-0.9753568314,-80.7298410911
GUAYAS,-2.0689680256,-79.9828951645
PICHINCHA,-0.1473654568,-78.415179608
GUAYAS,-2.6454720578,-80.2976737313
GUAYAS,-2.1294615726,-79.5786474713
MANABI,-0.9630127764,-80.6385923094
GUAYAS,0.3652084246,-78.2650806954
LOS_RIOS,-1.0291585951,-79.3701188295
NAPO,-1.0030638355,-77.6368437948
GUAYAS,-2.1783254222,-78.8851290889
LOS_RIOS,-1.5640372894,-79.6717756599
IMBABURA,0.2922029629,-78.2550550273
GUAYAS,-2.1206308414,-80.1313045878
PASTAZA,-1.104310976,-77.6344672064
LOS_RIOS,-1.0158643752,-79.3797808685
GUAYAS,-2.1595070599,-79.8194372557
GUAYAS,0.365110021,-78.0757609352
PASTAZA,-1.104699224,-77.6719764921
LOS_RIOS,-1.5567192212,-79.6656497709
LOS_RIOS,-1.0153326169,-79.5282097138
LOS_RIOS,-1.0175977042,-79.5432400576
GUAYAS,-2.0739227575,-80.0119599887
PICHINCHA,0.1409421614,-78.7023706007
MORONA_SANTIAGO,-2.5738710764,-78.1081440881
LOS_RIOS,-1.0160123082,-79.5118532336
GUAYAS,0.3619832944,-78.1911236316
EL_ORO,-3.2501873726,-79.9966831545
LOS_RIOS,-1.8022340919,-79.4812974463
GUAYAS,-2.4182098873,-80.2722391783
PICHINCHA,-0.1423712564,-78.5556570005
LOS_RIOS,-1.8166131089,-79.4395350504
MANABI,0.0638317693,-79.9855936967
COTOPAXI,-0.935254811,-79.2473578591
COTOPAXI,-0.9402892686,-79.2294810385
LOJA,-4.0014659215,-79.2174969695
LOS_RIOS,-1.0166080228,-79.3639182917
COTOPAXI,-0.7701386595,-78.5787591939
PICHINCHA,-0.1715548045,-78.3559779169
GUAYAS,-1.0724615661,-79.5874015917
MANABI,-0.8512880074,-79.7127988279
ESMERALDAS,0.8738915027,-79.9479838775
MANABI,-0.9580309001,-80.7960349173
LOS_RIOS,-1.8144464481,-79.4771826137
MORONA_SANTIAGO,-2.5599831478,-78.1153689761
LOS_RIOS,-1.0176292884,-79.556473916
ESMERALDAS,0.975182964,-79.7546784613
GUAYAS,-1.9580885495,-79.9704938527
GUAYAS,-2.1225162574,-79.5866706114
CHIMBORAZO,-1.6582635424,-78.6356451516
GUAYAS,-1.9663678376,-79.6701485289
GUAYAS,-2.407233132,-80.3936099479
ESMERALDAS,0.3259287446,-79.5058616355
AZUAY,-2.900863869,-78.9831691172
LOS_RIOS,-1.5602060734,-79.583834672
GUAYAS,0.3553673589,-78.1999931451
CARCHI,0.8238298993,-77.7017444813
MANABI,-0.8427065307,-79.7273364937
AZUAY,-2.9321911689,-78.8584825328
SANTO_DOMINGO_DE_LOS_TSACHILAS,-0.2377339079,-79.180616512
GUAYAS,-2.1243974934,-79.6671953527
SUCUMBIOS,0.103580486,-76.8782676374
CHIMBORAZO,-1.6449953919,-78.6857760247
GUAYAS,-2.1187667045,-79.6181853673
GUAYAS,-2.6483750433,-80.4066978662
GUAYAS,-1.8254797268,-79.8683751494
MANABI,-0.9613461396,-80.7533608509
IMBABURA,0.3496395638,-78.1952028544
LOS_RIOS,-1.0223679412,-79.4379742882
GUAYAS,0.3741736805,-78.2917743566
GUAYAS,0.3564064293,-78.1719491183
GUAYAS,-2.1771497867,-78.9006400104
PASTAZA,-1.6337820741,-77.0469540533
ESMERALDAS,1.056270904,-79.3189048369
ESMERALDAS,1.0542205689,-79.4307798839
ESMERALDAS,1.0506294422,-79.3915555176
ESMERALDAS,1.0492352338,-79.3770753512
ESMERALDAS,1.0615343298,-79.3679469585
GUAYAS,-1.9565888585,-79.6399836864
ESMERALDAS,0.3362287547,-79.3561401845
CHIMBORAZO,-2.1979123499,-78.929602778
PICHINCHA,0.1350764504,-78.6954736374
PICHINCHA,-0.221398485,-78.5454055466
GUAYAS,-2.117667422,-79.499147596
GUAYAS,-2.101888809,-79.5872724646
ESMERALDAS,1.0588270755,-79.4912757628
IMBABURA,0.2948964645,-78.3908544295
GUAYAS,-2.0682996523,-79.8510471379
ESMERALDAS,0.3223834296,-79.2802068412
ESMERALDAS,0.9668807081,-79.6224157263
GUAYAS,-2.4121398633,-80.3498786291
GUAYAS,-1.063471877,-79.5231023203
PICHINCHA,-0.2752939575,-78.5648216244
BOLIVAR,-1.7130264437,-79.0644739858
GUAYAS,-2.1247947329,-79.533001875
MANABI,-0.9643502744,-80.6577794749
PICHINCHA,0.152647695,-78.8883357231
GUAYAS,-2.127695641,-79.6010641485
ESMERALDAS,0.9662402836,-79.6680705413
GUAYAS,-2.1287110106,-80.0872956946
PICHINCHA,-0.1287325105,-78.4945645465
LOS_RIOS,-1.5623765573,-79.5497905098
IMBABURA,0.3016355871,-78.3531668536
GUAYAS,-2.1445970377,-79.5957168543
COTOPAXI,-1.0472976928,-78.4916777187
MANABI,-0.7750706791,-80.1947048763
PICHINCHA,-0.1701198804,-78.3379457784
PICHINCHA,-0.1709719649,-78.3851923846
GUAYAS,-1.8675932761,-79.920028015
LOS_RIOS,-1.030142543,-79.4076757694
PICHINCHA,-0.099023543,-78.5309090727
PICHINCHA,-0.1607859089,-78.4825707258
AZUAY,-2.9376662946,-78.9826233506
GUAYAS,-2.1236236454,-79.5395097119
PICHINCHA,-0.1735461018,-78.5472008052
IMBABURA,0.3458538986,-78.2107119768
PICHINCHA,-0.0890940565,-78.373159665
AZUAY,-2.8719517601,-78.9558370391
GUAYAS,-2.0643024316,-80.0163895042
ESMERALDAS,0.9615719467,-79.6762289098
LOJA,-4.0036892797,-79.218622432
ESMERALDAS,0.8741041979,-79.9464414733
GUAYAS,0.3708462813,-78.0870057877
GUAYAS,0.3573552645,-77.9579446155
SUCUMBIOS,0.09796196,-76.9416340355
GUAYAS,-2.1605109561,-79.8061186498
CHIMBORAZO,-2.192822119,-78.8981895518
EL_ORO,-3.2492488249,-79.9879640383
GUAYAS,-2.1323673434,-80.1005491567
MANABI,0.065983982,-79.9803156343
MANABI,0.0772552307,-80.0755143932
LOS_RIOS,-1.8157771958,-79.6399717732
PICHINCHA,0.032295268,-78.0412695162
CARCHI,0.8074741996,-77.787604869
LOS_RIOS,-1.8229495279,-79.5810037084
ESMERALDAS,0.9625668862,-79.6417057129
GUAYAS,-2.1261075612,-79.5534259879
PICHINCHA,-0.1217200409,-78.5083776221
PICHINCHA,-0.1728377215,-78.4435423567
PICHINCHA,-0.1315988049,-78.4609077264
LOS_RIOS,-1.4350035556,-79.3751726367
LOJA,-4.315700014,-79.6496666774
MANABI,-0.9767995095,-80.7316962644
GUAYAS,-2.6306415757,-80.314542038
ESMERALDAS,0.9561327035,-79.7436688725
GUAYAS,-1.8278878683,-79.7612233515
GUAYAS,-2.1611934185,-79.8249069328
EL_ORO,-3.327371326,-79.8683448931
TUNGURAHUA,-1.2556904625,-78.5975587768
AZUAY,-2.9365917016,-78.9686936166
LOS_RIOS,-1.8130296053,-79.5901591598
GUAYAS,-2.1346145245,-79.5288646476
EL_ORO,-3.4575881465,-80.0800846943
GUAYAS,-2.0772749667,-79.9575057877
CHIMBORAZO,-1.6555813471,-78.6885739452
GUAYAS,-2.0764261511,-79.8655403796
PICHINCHA,-0.1019602735,-78.3305458638
GUAYAS,-2.1601579327,-79.8125935682
MANABI,-0.7177394413,-80.1909909603
SANTO_DOMINGO_DE_LOS_TSACHILAS,-0.2376893022,-79.1594211008
ESMERALDAS,0.9648039553,-79.6654647929
SANTO_DOMINGO_DE_LOS_TSACHILAS,-0.2405882509,-79.162384038
GUAYAS,0.3640138965,-78.3205242149
GUAYAS,-1.8524952425,-79.948784541
GUAYAS,-2.1291040253,-80.0013847971
AZUAY,-2.8720087224,-78.9651328122
GUAYAS,-1.9657852629,-79.7250932999
GUAYAS,0.3669456255,-78.2732646765
GUAYAS,0.3562002979,-78.0913479378
GUAYAS,-2.1295482653,-79.4694527482
PICHINCHA,0.155312735,-78.7562947985
LOS_RIOS,-1.0156851736,-79.4079726345
EL_ORO,-3.3259116429,-79.7170574481
SANTO_DOMINGO_DE_LOS_TSACHILAS,-0.2355963782,-79.1700244
MANABI,-0.8407001386,-79.7336387067
MANABI,-0.8432931983,-79.7279650574
GUAYAS,-1.9529160607,-80.1315466576
GUAYAS,-1.9637230726,-79.91127429
LOS_RIOS,-0.8840002904,-79.4206584832
AZUAY,-2.9270262767,-78.928367305
GUAYAS,-2.1271089168,-80.1851269536
MANABI,-0.7149408472,-80.0780926985
GUAYAS,-2.123875192,-79.5365326407
LOS_RIOS,-1.5608748054,-79.6745815873
LOS_RIOS,-1.8054715257,-79.4698440925
EL_ORO,-3.2586813284,-79.9653150382
LOS_RIOS,-1.0332841802,-79.4851137647
LOS_RIOS,-1.4353043749,-79.4151410818
GUAYAS,-2.1782101305,-78.8889306622
LOS_RIOS,-1.4450629146,-79.4481779124
LOJA,-4.0062699615,-79.2151153937
ESMERALDAS,1.2966246686,-78.7461417442
NAPO,-1.0185633239,-77.9001601247
SANTO_DOMINGO_DE_LOS_TSACHILAS,-0.2391348755,-79.1774445348
SANTO_DOMINGO_DE_LOS_TSACHILAS,-0.2376560323,-79.1593834061
SANTO_DOMINGO_DE_LOS_TSACHILAS,-0.2406602797,-79.1845048722
LOS_RIOS,-1.0259530846,-79.4805749994
ESMERALDAS,1.2751348451,-78.7645351248
SANTA_ELENA,-2.2430682548,-80.8602317891
IMBABURA,0.3427774661,-78.1270039959
LOS_RIOS,-1.7865562948,-79.519162201
COTOPAXI,-0.6825588239,-78.8317300298
ESMERALDAS,0.9758486737,-79.755773003
GUAYAS,0.3539959574,-78.2342044208
GUAYAS,-2.1222859622,-79.8262503575
ESMERALDAS,0.9735179657,-79.710649091
GUAYAS,0.3635173884,-78.0249996458
PICHINCHA,-0.1299064672,-78.5091347885
CANAR,-2.4215081295,-79.2960441914
GUAYAS,-2.6439367281,-80.3341435964
LOJA,-4.332627933,-79.4912877319
GUAYAS,0.3565632743,-78.1693081456
ESMERALDAS,0.9779368841,-79.7341616411
MANABI,-0.9590070884,-80.6810822847
IMBABURA,0.3543286979,-78.2043230119
PICHINCHA,-0.1958956959,-78.338704212
GUAYAS,-2.1196767476,-79.5981239102
GUAYAS,-2.2129381581,-79.523588304
EL_ORO,-3.6735725497,-79.6586328669
EL_ORO,-3.6817140603,-79.7638887698
ESMERALDAS,0.9534528147,-79.6826108546
PICHINCHA,-0.2241180378,-78.4696825184
GUAYAS,-2.0732771391,-80.0196142739
ZAMORA_CHINCHIPE,-4.072502256,-78.90433214
LOS_RIOS,-1.0270477279,-79.4669196605
COTOPAXI,-0.9428056629,-79.2340088676
NAPO,-0.733100722,-78.359850344
CHIMBORAZO,-1.6601932553,-78.729986424
GUAYAS,-2.1169448054,-79.9736117321
GUAYAS,-2.1782124768,-78.8959191569
LOS_RIOS,-0.8817677229,-79.4673351136
PICHINCHA,-0.1715525551,-78.4188794411
GUAYAS,-2.1392836561,-79.577916723
GUAYAS,-2.0704245882,-79.8935339715
AZUAY,-2.9198214956,-78.9477008008
SANTO_DOMINGO_DE_LOS_TSACHILAS,-0.2380759109,-79.1835552993
SANTO_DOMINGO_DE_LOS_TSACHILAS,-0.2384903505,-79.1816608114
CANAR,-2.739674446,-78.7796760582
CANAR,-2.7493951379,-78.7429164318
LOS_RIOS,-1.8184176973,-79.5129362583
LOS_RIOS,-0.8755299252,-79.5473554239
SANTA_ELENA,-2.2379564083,-80.9953647373
PICHINCHA,-0.2248081231,-78.4426302163
CANAR,-2.4235129749,-79.458225414
ESMERALDAS,1.2750997001,-78.7452559457
ORELLANA,-0.6837078709,-77.3996742404
GUAYAS,-1.8386740646,-79.9130388647
GUAYAS,-2.1210276253,-79.5384947955
GUAYAS,-2.1309067985,-79.9261264691
GUAYAS,-2.1213891537,-79.8204147135
GUAYAS,-2.124493447,-80.1307919117
BOLIVAR,-1.7029297403,-78.9982841631
GUAYAS,-1.8660366703,-79.9215475697
ESMERALDAS,0.9670919261,-79.5619136373
SUCUMBIOS,0.100310107,-76.9162617017
GUAYAS,-2.6486735867,-80.3579272542
ORELLANA,-0.3001143318,-76.8772409004
ORELLANA,-0.304091092,-76.8372999318
GUAYAS,-2.1345867061,-79.8316877911
SUCUMBIOS,-0.1381833401,-76.3415470808
TUNGURAHUA,-1.2548193914,-78.5378097686
LOS_RIOS,-1.7847526729,-79.5480031065
PICHINCHA,-0.1713990352,-78.4894024206
PICHINCHA,-0.2464252986,-78.4966880593
TUNGURAHUA,-1.3110352711,-78.5719417879
PICHINCHA,-0.1708216008,-78.4352815664
PICHINCHA,0.0296323381,-78.092644874
SUCUMBIOS,0.1031811408,-76.8494646924
ESMERALDAS,0.9494285429,-79.6477551791
GUAYAS,-2.6390164916,-80.4019363306
GUAYAS,-2.1582138911,-79.8113372435
ESMERALDAS,0.8851068824,-79.9465911931
SANTO_DOMINGO_DE_LOS_TSACHILAS,-0.2397378579,-79.1980431688
GUAYAS,-1.8544803251,-80.0127791892
ESMERALDAS,1.0633814957,-79.3964061462
PICHINCHA,0.0364976078,-78.0852770476
SUCUMBIOS,0.1055970513,-76.8720394651
EL_ORO,-3.3241688735,-79.8062249549
GUAYAS,-2.138016936,-79.7727743242
GUAYAS,-2.6360815313,-80.3190423327
GUAYAS,-2.1182028627,-80.0774655705
GUAYAS,-2.2061821735,-79.4758403402
MANABI,-0.9698484694,-80.7800743624
ESMERALDAS,0.8885109444,-79.9383275043
MANABI,-0.9712126423,-80.6553877221
LOJA,-4.3678729054,-79.9201369551
MANABI,-0.9608320995,-80.7722951658
PICHINCHA,-0.2459428011,-78.5292283394
GUAYAS,-1.9642041294,-80.1125131688
PICHINCHA,-0.171830136,-78.4429730019
GUAYAS,-2.0686796433,-80.025316276
EL_ORO,-3.4583443244,-80.069870618
BOLIVAR,-1.5990444049,-79.0792590498
ESMERALDAS,0.9670500731,-79.642627773
SANTO_DOMINGO_DE_LOS_TSACHILAS,-0.2392188902,-79.185763383
SANTO_DOMINGO_DE_LOS_TSACHILAS,-0.2372546639,-79.1586876729
LOS_RIOS,-1.7983236295,-79.5492635785
LOS_RIOS,-1.7964674478,-79.4578254306
GUAYAS,-2.0891706546,-79.7310741153
SANTO_DOMINGO_DE_LOS_TSACHILAS,-0.2378690648,-79.1828703947
SUCUMBIOS,-0.1363765387,-76.3082871355
EL_ORO,-3.2529473347,-79.9990250713
PICHINCHA,-0.0883915766,-78.3960320212
SUCUMBIOS,0.0985421645,-76.9434426944
SANTO_DOMINGO_DE_LOS_TSACHILAS,-0.2394747571,-79.1595284615
PICHINCHA,-0.2125044861,-78.3151596964
EL_ORO,-3.6998279048,-79.6081703613
GUAYAS,-2.1368001841,-79.5345996385
MANABI,-0.9590056304,-80.7497339378
ESMERALDAS,0.9768906643,-79.5609693525
GUAYAS,-1.9490515559,-79.7942670697
LOS_RIOS,-1.0334498324,-79.3619812375
ESMERALDAS,0.9613595033,-79.6000420087
CHIMBORAZO,-1.6603041669,-78.5765437538
GUAYAS,-1.9455766751,-80.0581493616
GUAYAS,-1.9659036152,-79.7533811756
MANABI,-0.7792369051,-80.3408255599
ESMERALDAS,1.2734959067,-78.7635635757
PICHINCHA,0.0361595671,-78.2187379778
ESMERALDAS,0.9668811906,-79.550365488
LOS_RIOS,-1.0323118322,-79.4373209921
PICHINCHA,-0.2134221017,-78.4924277609
GUAYAS,-2.2012846605,-79.3788098095
GUAYAS,-1.8555419064,-79.9921826231
LOS_RIOS,-1.8147996599,-79.5625616832
PICHINCHA,-0.2068756576,-78.568968758
SUCUMBIOS,0.0883126772,-76.93800787
AZUAY,-2.8711749274,-79.0576581712
ESMERALDAS,0.950498289,-79.7292344464
GUAYAS,-1.0715293269,-79.6907248418
GUAYAS,0.3760137668,-77.9696321712
GUAYAS,-1.8216426559,-80.1381615106
LOS_RIOS,-1.0156298407,-79.4727395267
SANTO_DOMINGO_DE_LOS_TSACHILAS,-0.2380946542,-79.1745768216
GUAYAS,-2.6471785693,-80.3908808343
ESMERALDAS,1.2795816856,-78.7356128602
ESMERALDAS,1.2838679951,-78.7856008306
ESMERALDAS,1.288075215,-78.8057735781
EL_ORO,-3.2510917619,-79.9605255399
ESMERALDAS,0.336357843,-79.2570905097
ORELLANA,-0.3076572368,-76.8560004889
ESMERALDAS,1.2802770039,-78.7280311384
MANABI,-0.2726611977,-79.5035578764
GUAYAS,-1.9702550717,-79.9411006456
PICHINCHA,-0.1769329179,-78.3213402881
SANTO_DOMINGO_DE_LOS_TSACHILAS,-0.2383008257,-79.1828613433
EL_ORO,-3.4570164372,-80.0536096473
ESMERALDAS,1.2784976339,-78.7345896151
PICHINCHA,-0.117922759,-78.5875879
SANTO_DOMINGO_DE_LOS_TSACHILAS,-0.2404639754,-79.188318125
CANAR,-2.4203141995,-79.4158015896
PICHINCHA,-0.113579574,-78.4999401551
PICHINCHA,0.0429847214,-78.099746421
EL_ORO,-3.4802475947,-80.1470961239
SANTO_DOMINGO_DE_LOS_TSACHILAS,-0.2398515984,-79.1920649224
ORELLANA,-0.6919150093,-77.261643533
ESMERALDAS,0.9676300804,-79.6357528786
NAPO,-0.7317025493,-78.3307419531
SANTO_DOMINGO_DE_LOS_TSACHILAS,-0.2382232443,-79.1766599432
ESMERALDAS,1.0544632752,-79.3834220223
ESMERALDAS,1.28690284,-78.7676866984
LOS_RIOS,-1.5577051201,-79.5993069768
SANTO_DOMINGO_DE_LOS_TSACHILAS,-0.2399127251,-79.1635844808
EL_ORO,-3.478960015,-80.1395233143
GUAYAS,0.3669831126,-78.0889886624
PICHINCHA,-0.1705170747,-78.3490569529
MANABI,-1.0466399912,-79.8707034721
SANTO_DOMINGO_DE_LOS_TSACHILAS,-0.2392480473,-79.1897272974
ORELLANA,-0.6909800135,-77.3058605821
LOS_RIOS,-1.5565870552,-79.6762826055
LOS_RIOS,-1.5453691862,-79.6711962203
GUAYAS,0.3818216878,-78.1212117507
MANABI,0.0731875737,-79.9951035869
MANABI,-0.9626900995,-80.7635104139
SANTO_DOMINGO_DE_LOS_TSACHILAS,-0.240316499,-79.1942277579
ORELLANA,-0.6866679207,-77.2612471696
LOJA,-4.3166087982,-79.642413469
PICHINCHA,-0.1706233918,-78.3235727868
ORELLANA,-0.6885161076,-77.3623896073
MANABI,-0.9681517327,-80.6839067163
SANTA_ELENA,-2.2490447737,-80.5866097457
GUAYAS,-1.8525967653,-80.0281530341
EL_ORO,-3.2658347055,-79.920254487
COTOPAXI,-1.0431868389,-78.5806417158
PICHINCHA,-0.2646538139,-78.453663172
LOS_RIOS,-1.0216852592,-79.4132304125
PICHINCHA,-0.1531999054,-78.4171499151
LOS_RIOS,-1.0132405827,-79.3807174299
GUAYAS,-2.6446627362,-80.3855196104
COTOPAXI,-0.7630625574,-78.5019819962
ESMERALDAS,0.9639286286,-79.698416428
ESMERALDAS,0.9491251501,-79.5550767536
PICHINCHA,-0.2351747639,-78.5547834465
GUAYAS,0.3781935446,-78.2524663194
PICHINCHA,-0.2523109001,-78.4390964464
GUAYAS,-2.2092890568,-79.3301379215
MANABI,-0.9584396896,-80.7015107615
CANAR,-2.5625148612,-78.8659306967
AZUAY,-2.8715219515,-78.8959892674
MANABI,0.0763482602,-80.073888507
IMBABURA,0.3475239166,-78.1101999526
LOS_RIOS,-1.0320399175,-79.5469524984
LOS_RIOS,-1.0224566877,-79.4560289663
SANTO_DOMINGO_DE_LOS_TSACHILAS,-0.2377702843,-79.1634671335
LOS_RIOS,-1.5445540289,-79.6619755636
SANTO_DOMINGO_DE_LOS_TSACHILAS,-0.2388630685,-79.1643818946
ESMERALDAS,0.9627743114,-79.5712281765
MANABI,0.0706302521,-80.0181576149
ZAMORA_CHINCHIPE,-4.0566596333,-78.7911912757
ESMERALDAS,1.2795578926,-78.7574171094
MANABI,-0.9600548558,-80.6760329475
SANTO_DOMINGO_DE_LOS_TSACHILAS,-0.2398674665,-79.1890036903
ESMERALDAS,0.9693496669,-79.7502688183
CHIMBORAZO,-2.1973465566,-78.8768251388
ESMERALDAS,1.2731206417,-78.7586016056
LOJA,-4.3792635697,-79.8793203161
LOS_RIOS,-1.0179172921,-79.4708352831
ESMERALDAS,1.2762052674,-78.7247094792
MANABI,-0.9749016567,-80.6555755288
ESMERALDAS,1.2904140894,-78.7645524831
GUAYAS,-1.3583584568,-79.9216933709
MANABI,0.0669575451,-80.0040527828
ESMERALDAS,0.9727263332,-79.5473502019
PICHINCHA,-0.1476112887,-78.3991653425
PICHINCHA,-0.1117327587,-78.5578720583
MORONA_SANTIAGO,-2.7473131917,-78.2205342708
MORONA_SANTIAGO,-2.7553480702,-78.256707507
ESMERALDAS,1.2840331482,-78.8420464902
PASTAZA,-1.6241552482,-77.0842706989
ESMERALDAS,0.8719845203,-79.9540707666
SANTA_ELENA,-2.2269603431,-80.8245231863
ESMERALDAS,0.9549914632,-79.6122807015
ESMERALDAS,0.9751034688,-79.7298623041
GUAYAS,-2.1618268449,-79.8017624997
SANTO_DOMINGO_DE_LOS_TSACHILAS,-0.2403620803,-79.1913825049
PICHINCHA,-0.1398243115,-78.560299833
EL_ORO,-3.4825473649,-80.2870954434
EL_ORO,-3.3248803964,-79.8056685742
ESMERALDAS,0.3202792652,-79.3936781681
PICHINCHA,-0.2551714093,-78.4456074588
GUAYAS,-1.8600402293,-79.9633381878
SANTO_DOMINGO_DE_LOS_TSACHILAS,-0.2403221675,-79.1639027807
GUAYAS,-1.0555016232,-79.6981864725
MORONA_SANTIAGO,-2.569503128,-78.1062120585
ESMERALDAS,1.2915357204,-78.8161327184
MORONA_SANTIAGO,-2.7490389389,-78.2776663144
MANABI,-0.966790673,-80.6323401225
CARCHI,-0.2122671571,-78.4904666819
MANABI,-0.9696535354,-80.8050859978
GUAYAS,-2.0631250516,-79.8398210236
CANAR,-2.4214076091,-79.3469478175
GUAYAS,-1.8215062046,-80.2033962704
ZAMORA_CHINCHIPE,-4.0644794141,-78.8659948875
LOS_RIOS,-1.7827190357,-79.637075897
GUAYAS,0.3533591655,-77.9135924983
GUAYAS,-2.1601016459,-79.8065230689
ESMERALDAS,1.2758871855,-78.7546473642
GUAYAS,-1.8388373618,-79.8731379996
BOLIVAR,-1.594996369,-78.911095294
GUAYAS,-2.1165762117,-79.5845047576
GUAYAS,-2.1117334429,-79.5860560407
GUAYAS,-2.1284453373,-79.6220989856
GUAYAS,-1.9718447953,-79.8859476594
ESMERALDAS,1.2815068699,-78.8183734836
GUAYAS,-2.1327302782,-79.9784944693
GUAYAS,0.3876796431,-78.2255509398
TUNGURAHUA,-1.2605585114,-78.6194076939
GUAYAS,-1.9582542646,-79.8440477618
ESMERALDAS,1.2945150011,-78.7334130502
SUCUMBIOS,0.0924007911,-76.8328405326
SANTO_DOMINGO_DE_LOS_TSACHILAS,-0.2378274507,-79.166908892
GUAYAS,-2.1314635251,-79.5702236013
GUAYAS,-2.6485477558,-80.3228188944
GUAYAS,-2.161338879,-79.8054588702
CANAR,-2.421314186,-79.4004833679
GUAYAS,-2.199343576,-79.5278646947
ESMERALDAS,0.8882455018,-79.9497745433
SANTO_DOMINGO_DE_LOS_TSACHILAS,-0.2406551813,-79.175989039
SUCUMBIOS,0.0933352737,-76.883518022
MANABI,-0.9676077448,-80.6693418402
GUAYAS,-2.0757704638,-79.9487295613
GUAYAS,-2.1334223956,-79.6353993262
SUCUMBIOS,0.0982074966,-76.8453197732
GUAYAS,-2.1591225489,-79.8090204629
GUAYAS,0.3825479876,-78.2050028565
ESMERALDAS,0.9729423548,-79.6555798632
GUAYAS,0.3555769053,-78.1201733416
GUAYAS,-1.9494870839,-79.8643478856
EL_ORO,-3.2506715599,-80.028383117
GUAYAS,-2.1269837581,-80.0659438604
PASTAZA,-1.6235061445,-76.9672835423
SANTO_DOMINGO_DE_LOS_TSACHILAS,-0.2400664532,-79.1640385771
GUAYAS,-1.9724411263,-79.9526703294
PICHINCHA,-0.2145685158,-78.6000863354
PICHINCHA,-0.2068636683,-78.5864798677
GUAYAS,0.35568653,-77.9321805777
MORONA_SANTIAGO,-2.5733913196,-78.103740409
GUAYAS,0.3547694587,-78.0857642872
CANAR,-2.4233237448,-79.4116189428
GUAYAS,-1.9610345169,-79.9240308269
PICHINCHA,-0.2368957447,-78.5534639334
TUNGURAHUA,-1.1790356821,-78.5911090797
ESMERALDAS,1.2816325554,-78.768388929
GUAYAS,-2.1781840147,-78.8851118554
ZAMORA_CHINCHIPE,-4.0661869986,-78.8136155888
LOS_RIOS,-1.7936977041,-79.5812768493
GUAYAS,-2.0735327164,-79.8999627823
PICHINCHA,-0.2689471607,-78.5916550738
AZUAY,-2.7877293491,-78.8153785855
MANABI,-1.2770858916,-80.3495999844
PICHINCHA,-0.2379665677,-78.4422660109
PICHINCHA,0.1577831823,-78.8512957795
PICHINCHA,0.0282452629,-78.2063960705
GUAYAS,-2.1272578018,-79.8765916817
GUAYAS,-1.9672608346,-79.907478401
MANABI,-0.9743624397,-80.6363985811
LOS_RIOS,-1.0205465689,-79.4543101539
ESMERALDAS,0.9771466958,-79.7139277777
SUCUMBIOS,0.0959328427,-76.8991559642
PICHINCHA,-0.2243587797,-78.3387321252
GUAYAS,0.3692184328,-78.2199479912
GUAYAS,-2.4177086568,-80.4115122202
PICHINCHA,-0.2616916079,-78.6405283406
MANABI,-0.7082750164,-80.1047431435
GUAYAS,0.3538252718,-78.1564466888
GUAYAS,-2.6327654541,-80.3096742874
AZUAY,-3.0593871829,-79.7098068201
LOS_RIOS,-1.5471888355,-79.5675340303
GUAYAS,-2.6319189427,-80.3611880574
GUAYAS,-1.822518585,-80.3331916435
LOS_RIOS,-1.0124639815,-79.4556774072
LOJA,-4.3674883304,-79.8550372875
NAPO,-0.7288435645,-78.395671458
MANABI,-0.7133861397,-80.1868718133
ESMERALDAS,0.9629673312,-79.6906427838
MANABI,0.0716963508,-80.022430071
MANABI,0.0672502393,-80.1044736753
MANABI,-0.2739824321,-79.3964844996
MANABI,-0.9723188096,-80.6824626111
EL_ORO,-3.4808158816,-80.1766582877
CANAR,-2.423546917,-79.3206575482
MANABI,-0.8380809839,-79.7622086942
PICHINCHA,-0.2124043983,-78.3447410147
PICHINCHA,-0.1628076257,-78.5317366156
PICHINCHA,-0.1451985026,-78.537243204
MANABI,-1.2868296823,-80.4343670216
EL_ORO,-3.4727882826,-80.2236034578
MANABI,-0.9637713651,-80.7261001429
MANABI,-0.2652917693,-79.4638703148
EL_ORO,-3.2595259285,-79.916722075
GUAYAS,-2.1213980764,-79.8671989392
GUAYAS,0.3559455782,-78.0391888671
EL_ORO,-3.3249582178,-79.6899695377
SANTO_DOMINGO_DE_LOS_TSACHILAS,-0.2373318483,-79.18188852
LOS_RIOS,-0.8834605046,-79.4909171265
CHIMBORAZO,-1.6567395514,-78.7015567321
ESMERALDAS,0.9587797939,-79.7357227238
GUAYAS,-2.130419916,-79.4699408344
GUAYAS,-2.0772408704,-79.9320910818
GUAYAS,0.3767241168,-77.9727338684
LOS_RIOS,-0.8803673223,-79.3957963543
LOS_RIOS,-0.8946525043,-79.6034904827
GUAYAS,-1.9716299649,-79.8679206491
GUAYAS,-2.0690693726,-79.9893172004
GUAYAS,-2.1198458425,-79.9216362372
GUAYAS,-2.6372061492,-80.3721350011
GUAYAS,0.3746757088,-78.1007693786
GUAYAS,-1.9740312219,-80.0032181443
SUCUMBIOS,-0.1328767757,-76.1937555944
PICHINCHA,-0.1185360845,-78.431469467
EL_ORO,-3.2652712274,-79.86042584
GUAYAS,-2.1164089869,-79.6140898716
PICHINCHA,-0.2129973496,-78.3653550779
EL_ORO,-3.4596314139,-79.9805489585
GUAYAS,-2.6334634175,-80.384893501
EL_ORO,-3.2605923505,-79.9170402348
LOS_RIOS,-1.789239383,-79.568051403
GUAYAS,-1.0710407512,-79.6892817065
LOS_RIOS,-0.8886666961,-79.4750030439
GUAYAS,-2.1777762665,-78.8890291921
SUCUMBIOS,-0.1427493093,-76.2707835012
SUCUMBIOS,-0.1428468256,-76.2912495188
PICHINCHA,-0.1315152016,-78.4168661094
GUAYAS,-2.0790503606,-79.9991523618
IMBABURA,0.339037135,-78.0438852762
ESMERALDAS,0.9740937214,-79.6985501755
PICHINCHA,-0.0930988818,-78.3352555635
TUNGURAHUA,-1.3063158626,-78.5198623514
GUAYAS,-1.8686281469,-80.0636549403
PICHINCHA,-0.1308331026,-78.5804742243
ESMERALDAS,1.2785080745,-78.7374692138
LOS_RIOS,-1.027213555,-79.5008576539
ESMERALDAS,0.9649049941,-79.553348734
GUAYAS,-2.1612073136,-79.8304559639
PICHINCHA,-0.1617988162,-78.4080299052
GUAYAS,-2.1586779556,-79.800159024
GUAYAS,-2.1178705198,-80.0385929001
GUAYAS,-2.4116871514,-80.4262857287
LOS_RIOS,-1.0138277257,-79.4625451189
ESMERALDAS,0.9591487388,-79.5649734486
PICHINCHA,-0.1272958001,-78.5487068084
MANABI,-0.9737679208,-80.7852824368
GUAYAS,0.3652305468,-78.0325387622
ESMERALDAS,0.9777814299,-79.7602198671
GUAYAS,-2.1247769392,-79.5341316192
SUCUMBIOS,0.1047870319,-76.8097087706
MANABI,-0.8405471325,-79.7227822105
CANAR,-2.4202659026,-79.2789294121
GUAYAS,-2.6235756847,-80.3816025414
SANTO_DOMINGO_DE_LOS_TSACHILAS,-0.2393981344,-79.1613574185
IMBABURA,0.3404739053,-78.2426217743
IMBABURA,0.3516470543,-78.2373075418
GUAYAS,-2.1012480832,-79.608456227
MANABI,-0.922991412,-80.426645281
AZUAY,-2.9300568416,-78.851083878
GUAYAS,0.3917434048,-78.0302852702
GUAYAS,-2.620354646,-80.3905621693
ESMERALDAS,0.3171120701,-79.307312005
GUAYAS,-1.9615568786,-79.8980300145
EL_ORO,-3.4679726057,-80.2407831887
EL_ORO,-3.4778828956,-80.2910870127
LOS_RIOS,-1.0160721786,-79.4714353156
IMBABURA,0.3507431081,-78.0379985768
EL_ORO,-3.4814091158,-80.2139436171
EL_ORO,-3.4713284804,-80.2799082235
EL_ORO,-3.4727864974,-80.2031055041
MANABI,0.0801577435,-79.9900877086
MANABI,0.0784971885,-79.9891581934
NAPO,-0.9951307473,-77.7641622406
MANABI,-0.7243764102,-80.0500529161
MANABI,0.0686989294,-80.0490757884
MANABI,-0.9678084993,-80.7093267369
ORELLANA,-0.6835396883,-77.3749273577
SANTO_DOMINGO_DE_LOS_TSACHILAS,-0.2488014175,-79.270793549
EL_ORO,-3.4678910108,-80.2829656295
GUAYAS,-1.9811874245,-80.0181257252
TUNGURAHUA,-1.2547329014,-78.5361712298
SANTA_ELENA,-2.2294323265,-80.8801818837
PICHINCHA,-0.1187206293,-78.5014726103
SANTO_DOMINGO_DE_LOS_TSACHILAS,-0.2383690469,-79.1797811375
MANABI,0.080562112,-80.1284913011
PICHINCHA,-0.0870550365,-78.4135782926
PICHINCHA,-0.1935315112,-78.6134742072
PICHINCHA,-0.2196929136,-78.5109801348
EL_ORO,-3.4665057439,-80.3013517845
EL_ORO,-3.4691101243,-80.2973019528
EL_ORO,-3.4732504201,-80.2992067961